id;telephone;adresse;cv;cv_content_type
1;+33 177016430;lentement garantir là;../fake-data/blob/hipster.png;image/png
2;+33 457759689;coupable;../fake-data/blob/hipster.png;image/png
3;+33 578283696;assez poser;../fake-data/blob/hipster.png;image/png
4;+33 683134321;communauté étudiante;../fake-data/blob/hipster.png;image/png
5;+33 203607281;fort chef de cuisine;../fake-data/blob/hipster.png;image/png
6;0236394961;vers pour que amuser;../fake-data/blob/hipster.png;image/png
7;0175287374;serviable par suite de;../fake-data/blob/hipster.png;image/png
8;+33 361324074;hôte paf;../fake-data/blob/hipster.png;image/png
9;+33 377380263;au-dessus aux alentours de raccrocher;../fake-data/blob/hipster.png;image/png
10;+33 646455738;examiner au défaut de tant;../fake-data/blob/hipster.png;image/png
